Feature,Importance,Feature_Type
510,0.06420453286857798,Wavelength
500,0.06239390494537318,Wavelength
a*,0.05844869991012817,Hunter Lab
490,0.05180664576036806,Wavelength
520,0.05128889608979847,Wavelength
380,0.0391407806150642,Wavelength
530,0.03227928252956111,Wavelength
b*,0.03092059810829438,Hunter Lab
730,0.027823841884792883,Wavelength
L*,0.02547334126321481,Hunter Lab
750,0.025260715326268893,Wavelength
760,0.02500459957603371,Wavelength
770,0.024129123381295282,Wavelength
480,0.023550770138368638,Wavelength
710,0.022697028924155153,Wavelength
470,0.022646517454953486,Wavelength
700,0.02241388058230976,Wavelength
540,0.02152670943138754,Wavelength
740,0.02133547587600497,Wavelength
660,0.019633142711473286,Wavelength
650,0.019358647511904505,Wavelength
720,0.018577200889538695,Wavelength
590,0.018412139870731866,Wavelength
670,0.018293174296823103,Wavelength
580,0.018062868320640222,Wavelength
600,0.01771686436370221,Wavelength
780,0.01770058999658073,Wavelength
570,0.016813356217540973,Wavelength
460,0.015242543218491273,Wavelength
640,0.014947454042476724,Wavelength
550,0.014927687549201015,Wavelength
560,0.01489112145221455,Wavelength
630,0.013248230001222381,Wavelength
690,0.013175849131625214,Wavelength
680,0.012124555516942435,Wavelength
610,0.01135083077161244,Wavelength
450,0.010381393230614473,Wavelength
440,0.008818560127192308,Wavelength
430,0.008363341647978181,Wavelength
360,0.007926054585504896,Wavelength
400,0.0077160695016272995,Wavelength
390,0.007586802228262703,Wavelength
620,0.007544679503222924,Wavelength
420,0.0072119391815927735,Wavelength
410,0.005360367788496127,Wavelength
370,0.0022691916768359964,Wavelength
