0,1,2
-6.498357261630031,4.357956003683222,-0.14768898204087702
-7.207886895411599,3.2565499259110706,0.14277084086757974
-9.125455453047627,3.973726788763098,-0.7987897375234321
-9.165835430621035,2.581429221730385,-0.09320143649935847
-9.310895745625004,3.065143381152378,-0.2890720483560868
-10.91386749631045,2.3439836777304848,-0.49595269047597745
-10.66403664217542,1.9451728540176356,-0.2202691928908745
-9.843550244910912,1.9163027985765926,-0.09398423672962788
-11.241724957778414,1.6737654411679859,-0.33471869416830974
-11.050304041192208,1.6008543243149045,-0.21062612982502862
-11.355622245426659,1.269056514221915,-0.3032672828594969
-10.724808628098168,1.0586108662662206,0.1076427493821092
-11.04659567372052,1.4682104482257046,-0.34431620168208016
-12.077072496432997,1.2417029597748024,-0.5638830209833743
-11.297422316584367,0.5961904646995356,0.250406513920608
-11.073879330956926,1.1701733280606246,-0.35268010556371726
-10.784804996667999,1.3184483284666069,-0.36537644628585636
-12.594974252675163,0.43823165150215815,-0.45832938727491634
-12.236961903073755,0.09299962649528908,-0.23834941348003236
-11.79694728259824,0.6067968584031181,-0.44154448940279745
-12.525222049447352,0.24285832981635627,-0.42799404558392695
-11.555238655812975,-0.049836291843171635,0.13628542281053396
-11.692036992663233,0.053639016482845664,-0.06113367001956289
-12.700735032732016,-0.3137269033623492,-0.1570423544567631
-12.876146787418119,0.5292271907063878,-0.7680539225579978
-12.183339493213055,0.067558265252482,-0.30105637825218196
-12.983669323195416,-0.299734735845801,-0.2313840432843374
-11.91401071055692,-0.3003878879445774,-0.17078682457391262
-11.819405297057202,0.2050279090480411,-0.40226376129247104
-12.911568728841639,-0.09768155197631523,-0.5093080189384468
-12.00586893652916,-0.5635604887480095,0.002552095675752279
-11.651363160585511,-0.2998105030755017,-0.0892690440955137
-11.341924641447413,-0.6078388944924746,0.19386886673824733
-11.632171422220905,-0.23088615839692603,-0.11321810688523232
-11.153344925255668,-0.7802648648446495,0.13432030609305817
-12.417452339392652,-1.3176523131238942,0.0826808898335211
-12.559068312450442,-0.39767738449235474,-0.44490265555485875
-13.475375078447847,-0.9506199012094472,-0.5482340619442427
-12.07121529455066,-1.4315363817257534,0.060633068004748054
-13.866107965401701,-1.560125576902997,-0.2632394007283794
-5.030369530917392,1.941075796980948,-0.3523664993937484
-6.125087521032958,0.7437223798529867,0.11944260978466077
-7.124846100310491,0.503288105483865,-0.5811801358416948
-6.999691048464959,0.5931113113876232,-0.9008598771866538
-4.6534083985039585,0.5162681623043166,-0.41508252645897603
-5.799333738164399,-0.02497884923873274,-0.6530035046403174
-5.58899725835693,0.11644907121012278,-0.07367606747025597
-6.458736533540598,-0.05222313448548703,-0.3324824414326877
-6.6643600878915565,-0.29302192569204927,-0.6775386535390616
-6.845160605885115,-0.1620848656421757,-0.538670980651759
-5.6877968362818,-0.5170199458099951,-0.21206430825279995
-6.610856726655889,-0.03754870221769405,-0.5877612242052767
-6.355122095507027,-0.3505776713986836,-0.44302656555261904
-6.2411329686829715,-0.8458664995500688,-0.0813580996096278
-6.227269044858889,-0.7624970813802563,-0.19903373602263089
-5.817925846684336,-0.17853160868592005,-0.40996576982700844
-6.538147422664584,-0.8016994982308593,0.1722961593412476
-5.853603058868491,-1.0866793521976694,0.15086389227007685
-1.878294510242729,-0.4759257574414525,0.6484718460649637
-0.18562084470035115,0.08225883832182582,0.4963170537450408
-7.452374578766811,-2.9322330601664732,0.6547683662061947
-8.180033433390042,-2.49499187554684,-0.006824928790338679
-3.4567786416791413,-1.693161201443713,0.5506755116613834
-2.704198139476016,-1.5631596513641088,0.7418500076803567
-1.4814202284708209,-1.539305886866714,0.6652526112730659
-2.686333815956374,-2.2084004996039885,1.0621222596461224
-6.503206309054984,-3.8026938543225173,0.7015349399871825
-4.63502019600923,-3.6723346326467903,1.10657306866886
-3.9971094816488577,-3.0692156138111217,0.8615753762529572
-8.020626456878585,-3.764261104640605,0.28633705506290397
-8.118979783632886,-3.881511888999107,0.2919052958996395
-4.568250620211326,-3.3686172335195033,0.9443843416201866
-3.0097345977940124,-2.454113354742541,0.5103292213329561
-10.160498805625656,-4.204657285128399,-0.07494427343367435
-3.3790186171095575,-3.2808238557589684,1.122034285888846
-3.3158084239785004,-3.287601508718599,0.9218335154399586
-8.321016312798218,-4.51802265542926,0.5336705815484497
-8.22166561951689,-4.6683559574951525,0.7786215390926017
-8.811080540643228,-4.872097284393147,0.8739126542300832
-7.304191197736066,-4.0577423596374125,0.4629463702992989
0.2107235501082051,3.7735468995194825,0.6849038527235861
-0.8812087692798132,2.9728814951338296,1.1583682021072
-1.9181169806174039,2.8322723919636474,0.4340361423040724
-0.1778775104271506,2.6629571574835644,1.0896206779059878
-1.582461099490978,2.861285128500535,0.5041296850581891
-1.229531496820392,2.9432523575680865,0.3461927912030135
0.26550142703095353,2.758326033264811,0.8629702380516058
-0.5765365958054973,2.5870459604744753,0.5940828768614368
-1.5947194158205242,2.2756285035713826,0.47035926253910276
-1.9971430350305885,2.5512761805071307,0.30242633752335657
-1.4654462148442886,2.603622299275959,0.32911542490256107
-0.15853934643910994,2.6124363627742646,0.8477040994646864
-1.157030758082806,2.104084392516055,0.6403618158116129
-1.3380348266413236,2.6893657829693782,-0.24858263106920625
-1.2597881399022204,2.1910523336098806,0.529851181965888
-1.8692941741745344,2.080174068750183,0.4262460341284982
-0.6879325579104477,1.6479175272440512,0.1539536473431613
0.17767083117405888,2.391724120689074,-0.2070437998660024
-0.9671143436878533,2.1742616855376338,0.8235656282511847
-2.033190809197752,1.8730733414419831,0.5135607919790771
0.4258221963691492,1.6758422971578075,-0.1676150564065136
-0.585674953166917,1.321652644900113,-0.205599926702722
-1.586362378464315,2.174524429823118,0.5483899750066552
-1.6688001974627835,1.255963983195558,0.9027122504205588
-0.2881731068779262,0.8414614124673473,0.12421547722587009
-1.9335155299278566,1.440436078246978,0.5258091037185273
-1.3636089984202455,1.694666235028074,0.5327459430601608
-2.0589908591568675,1.262522690459822,0.4585698551613196
-3.0800772139923214,-0.5136112132436881,0.30926144074947975
-2.204095876350696,1.2153744531279722,0.8217018243395517
-2.0389364856338266,-0.7102258190207026,0.7760834253197321
-2.43551101906105,-0.6355085518857412,0.4207162545965711
-1.7200416754732477,0.7121406830865464,0.9407979438186141
-2.72141393661872,-0.437184642916423,0.5177529010573511
-0.7616874848384999,0.8931578524680232,0.9123983104746525
-1.0134462262870367,1.1747536154289142,0.736458989687245
-2.045396194724506,-1.008428729006902,0.3134908039024741
-0.9725670972490896,-0.6821199223296499,0.8270409276483902
-1.0531752912050687,1.223554317216809,0.7402054352865852
-1.3456641088639407,0.8210576548523492,0.8007249368767876
-1.3902413345812175,1.5972183036527037,-0.7654076870549067
0.4403659707635595,1.8293533036234402,-0.010624835362738111
1.004407532372098,2.179394243817873,-0.28603516701470905
0.12990729399387493,1.1124684565597454,-1.0020698026053125
-0.8928985265375873,0.909483638389663,-1.213109977613754
1.1232223549534994,1.6338641808101964,0.21649407367717236
-0.6333513570939872,0.6234764175409565,-0.9594618206472267
0.2683913324846285,0.8979242600118587,-1.609531018671494
1.7847279176663629,1.9035849707802124,0.14581975395686372
1.0477814028666397,1.3120600237124438,0.1857791618827648
0.6306625951866569,0.49203501908131075,-0.9294369205121155
0.8903645646817528,1.1794532665386117,0.18243676821288038
-0.31719636437067905,-0.030006532192111548,-0.9407404653634406
-0.9027465934356752,-0.06282011227666147,-0.6252750145838858
0.2147607863715829,0.5499223517555386,0.08604689997774774
1.0505916973045955,1.1868846696087534,0.3153419973737203
-0.478168222377587,-0.4941097920484247,-0.7624740583295893
1.3200201522210175,1.382048015674491,0.15969857510980165
0.1623198407342418,-0.301823277144064,0.3888675388781605
-1.118560667533754,-1.032578254985636,-0.12077686603275427
-0.9586815430278384,-0.4707871302962238,-1.1179873052849068
1.0383429313765338,0.6696773937555588,0.07835468275767435
-1.2174421788789487,-1.5597854828415838,-0.1955598532616734
0.8916231263410958,0.5658683865734067,0.14695954109370335
-0.7101553116667411,-1.428425617668431,-0.03870380684543472
-1.0521902000098855,-1.277951510272501,-0.7789986628194278
0.2875196927428349,0.3805821993180258,0.6314311473967738
-0.33319004835156785,-1.4101482939109613,-0.8606434315873747
-0.32960120353290495,-1.5371916775534957,-0.24780712170839111
0.9694920780898549,0.4945658113878144,0.4956111308244621
1.0135727881236043,0.31820094266404353,0.08729155087775342
0.35689338638700707,-1.5312942114662829,-0.28337381870904604
-1.590171044236259,-1.7942278446900342,-0.4020070250788325
0.9888304391129051,-0.10469532930740416,0.43674243795019824
-0.9516147496211075,-2.481140585081609,-0.39744032934151524
-1.492497278425073,-1.9517669523879086,-0.7698391394681373
-0.7767095536061466,-0.2826443683362878,0.5469066340334979
-1.396739870418737,-0.8240583675194171,0.43538598909537213
-0.7022973254740057,-2.4012959781648284,-0.19124952537721526
-2.2623599024126024,-2.5986293279460195,-0.25878715758962634
6.978030576028292,3.941376930636034,0.24854682496690608
5.8376858828450215,2.460003125274881,0.6879805580108386
7.601521108001991,2.7966672790503417,0.763895553164333
6.139269942294819,2.5232121620555046,0.6062902448730216
6.403279220764803,2.621692421675992,0.7986670729156057
5.862554536167884,2.33684422589198,0.7262581388585515
5.617308585950355,1.8985001202074168,0.612490867266391
5.983971459759259,2.376121202842873,0.8705643041487074
5.212881342733354,2.231362843457064,0.5437146923941784
5.61204471123476,1.7888557813335695,1.109536528837332
6.380693766134521,2.302197974191955,0.42092112446281926
5.667489748840265,1.927794352859484,0.8787885760752866
6.1317401006718235,2.1810623052394855,0.5034625496945203
5.611707655343312,1.8727541973078503,0.9441541419050611
4.751180707097731,1.8339611576348445,0.7428581769275423
4.7292822063156335,1.4706539549585358,0.445918261346853
5.675394057315789,1.3769820415019554,0.7606414205809104
6.0993361280368905,1.5920674391811396,0.6522910218523843
4.258694685078634,1.2031059362997807,0.5217731635884638
4.551097147987663,1.3407225446098565,0.39527688524293764
5.874671164651619,1.7363170189474186,0.17716385526186615
5.67042087593221,0.891665569699519,0.682776240324694
5.993439926378611,1.7989312548324352,0.17892915984556035
5.4938841909967016,1.5064412462564845,0.8771783076929105
4.770856946925459,1.2945389882579375,0.6248635990931837
5.516547901848029,1.5090199729708098,1.0060719609232605
6.388464797668462,1.3943072320580496,0.4603651542341889
4.9083077976043645,1.3154812866679586,0.020981206582104908
5.87108017888606,1.517261178577686,0.5063609288644328
5.932914749032971,1.4909070108887439,0.5322143127779699
5.823626351490306,1.5337151664063977,0.6685866049879652
5.142731083793024,1.1597934965106305,0.7764012760676063
4.982813471625443,0.6605118435318691,0.6385395062331305
4.966264108347351,0.6168757089366275,0.4083523536757478
5.758894023834691,0.5668076251274612,0.6096569148185274
6.310333225225811,0.8608027206473295,0.6069370703040344
5.77667301884092,0.6864495664933769,0.4438790659818168
6.72628591322006,0.8364699870711676,0.6842884873428573
5.2710008553821,0.007726704056568975,0.6094429796714614
5.364170043056176,-0.07099829268326636,0.7507853068033121
4.029885794591218,1.5947177250082618,-1.9688813338755151
4.575181817174045,1.2931628012222138,-1.6394853743530282
6.321856884087415,1.559063825654591,-2.386284312490157
5.751097247866781,1.564077079227917,-1.6856009463288986
6.112869234066779,1.309437412183028,-2.0838162449404054
5.160685971400486,1.0147419961937656,-1.4743333611691696
4.936463071644544,0.6778574929516825,-1.9161328103769064
5.401085666476173,1.0779665106139649,-1.7063908517439736
5.058043446912327,0.11271772226396605,-1.6234205904179428
5.178674621574001,0.3646677709530909,-1.7770038234119057
4.679327045908511,0.10085708851488642,-1.7885730106180422
4.687691812390701,0.14751438545097909,-0.9080438691087724
4.950415788176155,-0.1027090320784054,-1.4073014502251964
4.172498546454672,-0.1165257470041505,-1.1253800369981197
4.656088088445201,-0.3040560249292156,-1.3714245757478842
3.916827774193228,-0.5895905648260423,-0.9338207274231886
3.861398386193109,-0.9948957806441603,-0.709617027840055
3.9471682976732296,-0.563706087583912,-0.9943149365697324
4.21781818110085,-1.1500106952268798,-0.2069911117740938
4.2593778154015505,-1.1682763123876327,-0.9284319725940929
4.2277817363500425,-1.0290133486036026,-0.29531974504576675
3.9001836240758077,-1.25629203164296,-0.9091325449106104
3.8826629071127696,-1.759242971183562,-0.19344568740716198
6.226843785240601,-0.6116276431657015,-0.6576445488233029
3.152724139342245,-2.110616726486344,-0.1393531465580857
3.387632800909279,-1.5943376609815567,-0.7126165883123513
5.288306505590366,-1.408895712293299,-0.18952926408001952
4.267859210533674,-1.9675847921106462,-0.04729016165109556
6.530262789468463,-1.366438836270254,-0.35222981241496115
7.23621543804556,-0.9315157004112946,-0.10598889913117701
3.5207130698026,-2.2788007265522543,0.26841435362508964
3.7097240360033803,-2.645741595061774,0.26372682214972404
4.425998277513969,-2.4579219956790253,0.06333654153588318
6.20128821169718,-2.074094334248012,0.13351924732415882
5.71627584709399,-1.539352170841004,0.3495093078311395
3.8318080644915242,-2.9457959369749505,0.6933346102967729
4.098404958489414,-3.016683674520758,0.8483091248494118
5.996465743792802,-2.160965792157319,0.4131206786815634
4.791052065526545,-2.3111663353028398,-0.19982878532372428
4.818904999363183,-2.5751835062201645,0.24495281866179175
8.085132703659596,0.06174136362157131,-0.6944547804281833
9.454609983346266,0.53860457191398,-1.2054089372995735
8.537939653651042,-0.5848320476469326,-0.13195100548571576
9.57632251516378,-0.3272269857745126,-0.20113877933849664
9.531376555621106,-0.3940031948586196,0.11632100144172629
4.568777150161933,-1.890676864473132,-0.4551748817318993
5.7504443208135125,-2.071914756024445,0.39461667130394085
8.317578652874403,-0.8460731039691368,-0.40722860113781445
8.368104292147395,-0.9618104706132462,-0.24635013548781862
7.653379027783277,-1.4732699212693006,0.023395924348245573
8.284995830836131,-0.91823537412091,-0.014461850332251355
9.696665318985005,-0.07729285623973811,-0.6168055851400212
5.7676167345688585,-1.7060939521468492,0.2340583225875439
9.911914298200452,-0.5680339857641691,-0.3494539906970183
8.963811731905711,-0.25601002695333736,-0.22912243768856358
6.513041706321844,-1.9151236423027018,-0.021243975357377418
9.54339569966661,-0.6209680571383065,-0.4685438404673817
8.445430379449265,-0.9885781108939213,-0.2854115118289097
6.3473077316137205,-2.7583266731095866,0.4986777035682409
6.293712599717484,-2.1607852022713323,0.3774560873932298
9.396707133633859,-0.5758372985341843,-0.16096744223979204
9.167010967334624,-1.3932011491942307,-0.09329506065127029
5.739039037997107,-2.185413709896604,-0.35154020795006685
6.22086756353043,-2.2263957937399406,0.49007633125006167
9.733142519278694,-0.8049073211091275,-0.5892516346969178
9.370303859488667,-0.5641171144772115,0.02180890257603021
6.317959878959083,-2.096053577127263,-0.2792933888104802
10.255044461431698,-0.4242740746053822,-0.8280771102294594
6.77771946085463,-2.3912456267182396,0.41823125923810434
10.075950513454636,-0.6327905746101122,-0.31554639052062794
9.411239754048257,-1.0984529493647481,-0.731206353750259
6.350847638556258,-2.7107353286925933,0.17198577254007436
9.43615316236089,-1.2352391909968905,-0.16212090390796516
8.583166405399908,-1.554483826712611,-0.05071022930105423
5.250997504983898,-3.2235182877281114,0.033890831412480796
8.605181825186481,-1.3372032729190388,-0.10409977202066016
8.76329034236385,-2.058168697606864,-0.3153860970550883
5.175844322801513,-3.3257192166726197,0.30890676354060076
5.383982948641189,-3.2401835937083634,0.808475827304245
8.583662433522605,-1.5732465087073984,0.21932906669094587
